{"cameraMode":{"drawMode":0,"name":"Shaded","section":"Shading Mode"},"sceneLighting":true,"audioPlay":false,"sceneViewState":{"m_AlwaysRefresh":false,"showFog":true,"showSkybox":true,"showFlares":true,"showImageEffects":true,"showParticleSystems":true,"showVisualEffectGraphs":true,"m_FxEnabled":true},"in2DMode":false,"pivot":{"x":-0.018216967582702638,"y":1.8421807289123536,"z":-53.91728210449219},"rotation":{"x":0.23704330623149873,"y":-0.12791554629802705,"z":0.03150283917784691,"w":0.9625396132469177},"size":141.01699829101563,"orthographic":false}